"Status","Start Time","Stop Time","Duration in ms","Parent Suite","Suite","Sub Suite","Test Class","Test Method","Name","Description"
"passed","Mon Jan 25 16:01:08 CST 2021","Mon Jan 25 16:01:12 CST 2021","4221","case","test_03","Test_01","","","test_06",""
"passed","Mon Jan 25 16:01:12 CST 2021","Mon Jan 25 16:01:17 CST 2021","4915","case","test_03","Test_01","","","test_07",""
"passed","Mon Jan 25 16:00:55 CST 2021","Mon Jan 25 16:00:59 CST 2021","4577","case","test_03","Test_01","","","test_02",""
"passed","Mon Jan 25 16:01:04 CST 2021","Mon Jan 25 16:01:08 CST 2021","4155","case","test_03","Test_01","","","test_05",""
"passed","Mon Jan 25 16:01:17 CST 2021","Mon Jan 25 16:01:20 CST 2021","3606","case","test_03","Test_01","","","test_08",""
"passed","Mon Jan 25 16:00:54 CST 2021","Mon Jan 25 16:00:55 CST 2021","517","case","test_03","Test_01","","","test_01",""
"passed","Mon Jan 25 16:01:24 CST 2021","Mon Jan 25 16:01:27 CST 2021","3388","case","test_03","Test_01","","","test_10",""
"passed","Mon Jan 25 16:01:00 CST 2021","Mon Jan 25 16:01:04 CST 2021","3954","case","test_03","Test_01","","","test_04",""
"passed","Mon Jan 25 16:00:59 CST 2021","Mon Jan 25 16:01:00 CST 2021","176","case","test_03","Test_01","","","test_03",""
"passed","Mon Jan 25 16:01:20 CST 2021","Mon Jan 25 16:01:24 CST 2021","3532","case","test_03","Test_01","","","test_9",""
